연도,지역코드,지표코드,값
2024,11010,to_in_001,144486
2024,11010530,to_in_001,8411
2024,11010540,to_in_001,2060
2024,11010550,to_in_001,9057
2024,11010560,to_in_001,16392
2024,11010570,to_in_001,7446
2024,11010580,to_in_001,9194
2024,11010600,to_in_001,3659
2024,11010610,to_in_001,6892
2024,11010630,to_in_001,5820
2024,11010640,to_in_001,7892
2024,11010670,to_in_001,5356
2024,11010680,to_in_001,8687
2024,11010690,to_in_001,6230
2024,11010700,to_in_001,5903
2024,11010710,to_in_001,10564
2024,11010720,to_in_001,10521
2024,11010730,to_in_001,20402
2024,11020,to_in_001,126899
2024,11020520,to_in_001,2521
2024,11020540,to_in_001,4233
2024,11020550,to_in_001,2500
2024,11020570,to_in_001,5761
2024,11020580,to_in_001,6218
2024,11020590,to_in_001,6934
2024,11020600,to_in_001,3365
2024,11020650,to_in_001,10193
2024,11020670,to_in_001,13827
2024,11020680,to_in_001,11771
2024,11020690,to_in_001,9168
2024,11020700,to_in_001,13042
2024,11020710,to_in_001,15322
2024,11020720,to_in_001,12416
2024,11020730,to_in_001,9628
2024,11030,to_in_001,203401
2024,11030510,to_in_001,15617
2024,11030520,to_in_001,9524
2024,11030530,to_in_001,6628
2024,11030570,to_in_001,12991
2024,11030580,to_in_001,10144
2024,11030590,to_in_001,10803
2024,11030630,to_in_001,23165
2024,11030640,to_in_001,7268
2024,11030650,to_in_001,7142
2024,11030660,to_in_001,9065
2024,11030690,to_in_001,11813
2024,11030700,to_in_001,8168
2024,11030710,to_in_001,19454
2024,11030720,to_in_001,16667
2024,11030730,to_in_001,20810
2024,11030740,to_in_001,14142
2024,11040,to_in_001,274688
2024,11040520,to_in_001,15908
2024,11040540,to_in_001,21413
2024,11040550,to_in_001,15889
2024,11040560,to_in_001,13546
2024,11040570,to_in_001,21678
2024,11040580,to_in_001,14124
2024,11040590,to_in_001,14010
2024,11040620,to_in_001,13540
2024,11040650,to_in_001,14879
2024,11040660,to_in_001,11689
2024,11040670,to_in_001,14428
2024,11040680,to_in_001,9822
2024,11040690,to_in_001,9836
2024,11040700,to_in_001,13186
2024,11040710,to_in_001,25872
2024,11040720,to_in_001,20849
2024,11040730,to_in_001,24019
2024,11050,to_in_001,345130
2024,11050530,to_in_001,30729
2024,11050540,to_in_001,22599
2024,11050550,to_in_001,15233
2024,11050560,to_in_001,19891
2024,11050570,to_in_001,15239
2024,11050580,to_in_001,26662
2024,11050590,to_in_001,11157
2024,11050600,to_in_001,23261
2024,11050610,to_in_001,25148
2024,11050620,to_in_001,26596
2024,11050630,to_in_001,32953
2024,11050640,to_in_001,22258
2024,11050650,to_in_001,23116
2024,11050660,to_in_001,25997
2024,11050670,to_in_001,24291
2024,11060,to_in_001,355789
2024,11060710,to_in_001,15301
2024,11060720,to_in_001,15975
2024,11060730,to_in_001,24906
2024,11060800,to_in_001,18449
2024,11060810,to_in_001,39593
2024,11060820,to_in_001,24670
2024,11060830,to_in_001,33395
2024,11060840,to_in_001,18348
2024,11060860,to_in_001,26616
2024,11060870,to_in_001,36673
2024,11060880,to_in_001,32421
2024,11060890,to_in_001,22471
2024,11060900,to_in_001,19471
2024,11060910,to_in_001,27500
2024,11070,to_in_001,375066
2024,11070520,to_in_001,23014
2024,11070540,to_in_001,17740
2024,11070550,to_in_001,14121
2024,11070570,to_in_001,20716
2024,11070590,to_in_001,22292
2024,11070600,to_in_001,20800
2024,11070610,to_in_001,18033
2024,11070620,to_in_001,23604
2024,11070640,to_in_001,32385
2024,11070650,to_in_001,17857
2024,11070680,to_in_001,15558
2024,11070690,to_in_001,36290
2024,11070700,to_in_001,18831
2024,11070710,to_in_001,32567
2024,11070720,to_in_001,23798
2024,11070730,to_in_001,37460
2024,11080,to_in_001,429210
2024,11080580,to_in_001,13613
2024,11080590,to_in_001,22229
2024,11080600,to_in_001,20084
2024,11080610,to_in_001,16394
2024,11080620,to_in_001,17563
2024,11080630,to_in_001,21793
2024,11080640,to_in_001,17527
2024,11080650,to_in_001,23845
2024,11080660,to_in_001,34165
2024,11080680,to_in_001,21093
2024,11080710,to_in_001,24650
2024,11080720,to_in_001,19388
2024,11080760,to_in_001,22559
2024,11080770,to_in_001,12859
2024,11080780,to_in_001,14941
2024,11080810,to_in_001,15490
2024,11080820,to_in_001,22259
2024,11080830,to_in_001,16076
2024,11080840,to_in_001,39031
2024,11080850,to_in_001,33651
2024,11090,to_in_001,280470
2024,11090600,to_in_001,16738
2024,11090610,to_in_001,14236
2024,11090620,to_in_001,15603
2024,11090630,to_in_001,19469
2024,11090640,to_in_001,19588
2024,11090650,to_in_001,23123
2024,11090690,to_in_001,22914
2024,11090700,to_in_001,20856
2024,11090710,to_in_001,27809
2024,11090720,to_in_001,23664
2024,11090730,to_in_001,29193
2024,11090740,to_in_001,19342
2024,11090750,to_in_001,27935
2024,11100,to_in_001,296997
2024,11100510,to_in_001,21320
2024,11100520,to_in_001,17334
2024,11100530,to_in_001,15975
2024,11100540,to_in_001,17293
2024,11100550,to_in_001,26645
2024,11100560,to_in_001,17676
2024,11100570,to_in_001,25060
2024,11100590,to_in_001,22874
2024,11100600,to_in_001,27370
2024,11100610,to_in_001,12671
2024,11100620,to_in_001,25336
2024,11100630,to_in_001,22946
2024,11100640,to_in_001,19190
2024,11100650,to_in_001,25307
2024,11110,to_in_001,486446
2024,11110510,to_in_001,21927
2024,11110520,to_in_001,24780
2024,11110530,to_in_001,27457
2024,11110560,to_in_001,43502
2024,11110580,to_in_001,26463
2024,11110590,to_in_001,20194
2024,11110600,to_in_001,21782
2024,11110610,to_in_001,25356
2024,11110640,to_in_001,18529
2024,11110650,to_in_001,35496
2024,11110660,to_in_001,18745
2024,11110690,to_in_001,22176
2024,11110720,to_in_001,21003
2024,11110730,to_in_001,18676
2024,11110740,to_in_001,17260
2024,11110760,to_in_001,26330
2024,11110770,to_in_001,30071
2024,11110780,to_in_001,30916
2024,11110790,to_in_001,35783
2024,11120,to_in_001,448142
2024,11120510,to_in_001,34843
2024,11120520,to_in_001,35839
2024,11120550,to_in_001,13887
2024,11120560,to_in_001,26433
2024,11120570,to_in_001,30351
2024,11120580,to_in_001,26741
2024,11120590,to_in_001,31628
2024,11120600,to_in_001,26291
2024,11120650,to_in_001,25320
2024,11120660,to_in_001,18150
2024,11120670,to_in_001,15823
2024,11120680,to_in_001,20561
2024,11120710,to_in_001,51809
2024,11120720,to_in_001,25652
2024,11120730,to_in_001,22827
2024,11120740,to_in_001,41987
2024,11130,to_in_001,316345
2024,11130520,to_in_001,16479
2024,11130620,to_in_001,23819
2024,11130640,to_in_001,17311
2024,11130650,to_in_001,12274
2024,11130660,to_in_001,21115
2024,11130680,to_in_001,28218
2024,11130690,to_in_001,16217
2024,11130700,to_in_001,30554
2024,11130710,to_in_001,16913
2024,11130720,to_in_001,29681
2024,11130730,to_in_001,19538
2024,11130740,to_in_001,15224
2024,11130750,to_in_001,33046
2024,11130760,to_in_001,35956
2024,11140,to_in_001,358927
2024,11140590,to_in_001,20445
2024,11140600,to_in_001,16282
2024,11140610,to_in_001,16575
2024,11140630,to_in_001,21980
2024,11140660,to_in_001,25219
2024,11140680,to_in_001,15625
2024,11140690,to_in_001,18398
2024,11140700,to_in_001,17227
2024,11140710,to_in_001,14451
2024,11140720,to_in_001,18410
2024,11140730,to_in_001,37450
2024,11140740,to_in_001,28979
2024,11140750,to_in_001,19662
2024,11140760,to_in_001,25265
2024,11140770,to_in_001,34948
2024,11140780,to_in_001,28011
2024,11150,to_in_001,417397
2024,11150510,to_in_001,28723
2024,11150520,to_in_001,27383
2024,11150530,to_in_001,20234
2024,11150540,to_in_001,23354
2024,11150570,to_in_001,18712
2024,11150580,to_in_001,20052
2024,11150590,to_in_001,13904
2024,11150600,to_in_001,16619
2024,11150610,to_in_001,13447
2024,11150620,to_in_001,13304
2024,11150630,to_in_001,17923
2024,11150640,to_in_001,18732
2024,11150650,to_in_001,17903
2024,11150660,to_in_001,47603
2024,11150690,to_in_001,22662
2024,11150700,to_in_001,27037
2024,11150710,to_in_001,38481
2024,11150720,to_in_001,31324
2024,11160,to_in_001,543974
2024,11160510,to_in_001,39882
2024,11160520,to_in_001,24398
2024,11160530,to_in_001,18447
2024,11160540,to_in_001,28207
2024,11160550,to_in_001,31710
2024,11160570,to_in_001,16621
2024,11160580,to_in_001,20111
2024,11160590,to_in_001,19023
2024,11160610,to_in_001,25130
2024,11160630,to_in_001,22536
2024,11160650,to_in_001,12976
2024,11160660,to_in_001,13443
2024,11160670,to_in_001,34297
2024,11160690,to_in_001,29283
2024,11160700,to_in_001,40389
2024,11160710,to_in_001,22267
2024,11160730,to_in_001,49602
2024,11160740,to_in_001,41951
2024,11160751,to_in_001,32744
2024,11160761,to_in_001,20957
2024,11170,to_in_001,418832
2024,11170510,to_in_001,34880
2024,11170520,to_in_001,19966
2024,11170540,to_in_001,25336
2024,11170550,to_in_001,24859
2024,11170560,to_in_001,32825
2024,11170610,to_in_001,26636
2024,11170620,to_in_001,25594
2024,11170640,to_in_001,28853
2024,11170650,to_in_001,19452
2024,11170670,to_in_001,23124
2024,11170690,to_in_001,22299
2024,11170700,to_in_001,15452
2024,11170710,to_in_001,33739
2024,11170720,to_in_001,33620
2024,11170730,to_in_001,35926
2024,11170740,to_in_001,16271
2024,11180,to_in_001,243662
2024,11180510,to_in_001,28504
2024,11180520,to_in_001,48929
2024,11180530,to_in_001,19450
2024,11180540,to_in_001,28653
2024,11180550,to_in_001,16824
2024,11180570,to_in_001,33944
2024,11180580,to_in_001,19702
2024,11180590,to_in_001,10115
2024,11180600,to_in_001,19409
2024,11180610,to_in_001,18132
2024,11190,to_in_001,400799
2024,11190540,to_in_001,31351
2024,11190550,to_in_001,20797
2024,11190560,to_in_001,35761
2024,11190610,to_in_001,17872
2024,11190620,to_in_001,22418
2024,11190630,to_in_001,21045
2024,11190650,to_in_001,17174
2024,11190660,to_in_001,12706
2024,11190670,to_in_001,11163
2024,11190680,to_in_001,17901
2024,11190690,to_in_001,19540
2024,11190700,to_in_001,17637
2024,11190710,to_in_001,22492
2024,11190720,to_in_001,27125
2024,11190730,to_in_001,23031
2024,11190740,to_in_001,30996
2024,11190750,to_in_001,20595
2024,11190760,to_in_001,31195
2024,11200,to_in_001,381172
2024,11200520,to_in_001,8958
2024,11200530,to_in_001,45862
2024,11200540,to_in_001,26696
2024,11200550,to_in_001,23625
2024,11200560,to_in_001,28495
2024,11200630,to_in_001,22325
2024,11200650,to_in_001,22732
2024,11200660,to_in_001,13445
2024,11200670,to_in_001,13606
2024,11200680,to_in_001,35205
2024,11200690,to_in_001,25799
2024,11200700,to_in_001,21602
2024,11200710,to_in_001,33271
2024,11200720,to_in_001,32584
2024,11200730,to_in_001,26967
2024,11210,to_in_001,490493
2024,11210520,to_in_001,23374
2024,11210540,to_in_001,14083
2024,11210570,to_in_001,28795
2024,11210580,to_in_001,22717
2024,11210610,to_in_001,15291
2024,11210620,to_in_001,24760
2024,11210630,to_in_001,17100
2024,11210640,to_in_001,23469
2024,11210650,to_in_001,18322
2024,11210660,to_in_001,24000
2024,11210680,to_in_001,25434
2024,11210690,to_in_001,23665
2024,11210710,to_in_001,14164
2024,11210720,to_in_001,21371
2024,11210730,to_in_001,26360
2024,11210780,to_in_001,31527
2024,11210790,to_in_001,27135
2024,11210800,to_in_001,36545
2024,11210810,to_in_001,24814
2024,11210820,to_in_001,18822
2024,11210830,to_in_001,28745
2024,11220,to_in_001,386254
2024,11220510,to_in_001,19841
2024,11220520,to_in_001,23515
2024,11220530,to_in_001,30322
2024,11220540,to_in_001,28225
2024,11220550,to_in_001,25069
2024,11220560,to_in_001,139
2024,11220570,to_in_001,32277
2024,11220580,to_in_001,24421
2024,11220590,to_in_001,22279
2024,11220600,to_in_001,17525
2024,11220610,to_in_001,18685
2024,11220620,to_in_001,15453
2024,11220630,to_in_001,16956
2024,11220640,to_in_001,14535
2024,11220650,to_in_001,21468
2024,11220660,to_in_001,39415
2024,11220670,to_in_001,20308
2024,11220680,to_in_001,15821
2024,11230,to_in_001,528194
2024,11230510,to_in_001,14051
2024,11230511,to_in_001,15814
2024,11230520,to_in_001,20292
2024,11230530,to_in_001,19305
2024,11230580,to_in_001,11139
2024,11230590,to_in_001,28635
2024,11230600,to_in_001,22546
2024,11230630,to_in_001,17878
2024,11230640,to_in_001,33819
2024,11230650,to_in_001,34585
2024,11230660,to_in_001,19272
2024,11230670,to_in_001,29662
2024,11230680,to_in_001,24414
2024,11230710,to_in_001,21909
2024,11230720,to_in_001,21296
2024,11230730,to_in_001,13810
2024,11230750,to_in_001,13110
2024,11230760,to_in_001,44779
2024,11230770,to_in_001,23188
2024,11230780,to_in_001,22333
2024,11230790,to_in_001,36013
2024,11230800,to_in_001,40344
2024,11240,to_in_001,628648
2024,11240510,to_in_001,11903
2024,11240520,to_in_001,22505
2024,11240530,to_in_001,11422
2024,11240540,to_in_001,22361
2024,11240550,to_in_001,16402
2024,11240560,to_in_001,16920
2024,11240570,to_in_001,14514
2024,11240580,to_in_001,26167
2024,11240590,to_in_001,17127
2024,11240600,to_in_001,36246
2024,11240610,to_in_001,22372
2024,11240620,to_in_001,17826
2024,11240630,to_in_001,29986
2024,11240640,to_in_001,27934
2024,11240650,to_in_001,24177
2024,11240660,to_in_001,26222
2024,11240670,to_in_001,29592
2024,11240680,to_in_001,18967
2024,11240690,to_in_001,27231
2024,11240710,to_in_001,27096
2024,11240750,to_in_001,19850
2024,11240770,to_in_001,15408
2024,11240780,to_in_001,8541
2024,11240790,to_in_001,33007
2024,11240800,to_in_001,31831
2024,11240810,to_in_001,29156
2024,11240820,to_in_001,43885
2024,11250,to_in_001,454023
2024,11250530,to_in_001,23903
2024,11250540,to_in_001,16081
2024,11250550,to_in_001,23191
2024,11250560,to_in_001,25022
2024,11250580,to_in_001,14249
2024,11250590,to_in_001,16256
2024,11250610,to_in_001,24925
2024,11250630,to_in_001,25906
2024,11250650,to_in_001,18416
2024,11250660,to_in_001,23895
2024,11250670,to_in_001,21408
2024,11250700,to_in_001,19
2024,11250710,to_in_001,23433
2024,11250720,to_in_001,32393
2024,11250730,to_in_001,33509
2024,11250740,to_in_001,46104
2024,11250750,to_in_001,33992
2024,11250760,to_in_001,38018
2024,11250770,to_in_001,13303
